{"name":"DejaVuSansMono-Oblique","type":"TTF","desc":{"CapHeight":729,"XHeight":547,"FontBBox":"[-403 -375 746 1028]","Flags":69,"Ascent":928,"Descent":-236,"Leading":0,"ItalicAngle":-11,"StemV":87,"MissingWidth":602},"unitsPerEm":2048,"up":-63,"ut":44,"strp":259,"strs":50,"ttffile":"\/Applications\/XAMPP\/xamppfiles\/htdocs\/rcds3\/vendor\/mpdf\/mpdf\/src\/Config\/..\/..\/ttfonts\/DejaVuSansMono-Oblique.ttf","TTCfontID":0,"originalsize":245948,"sip":false,"smp":false,"BMPselected":true,"fontkey":"dejavusansmonoI","panose":" 0 0 2 b 6 9 3 3 4 b 2 4","haskerninfo":false,"haskernGPOS":false,"hassmallcapsGSUB":false,"fontmetrics":"win","useOTL":255,"rtlPUAstr":"","GSUBScriptLang":{"cyrl":"SRB  ","latn":"DFLT ISM  KSM  LSM  MOL  NSM  ROM  SKS  SSM  "},"GSUBFeatures":{"cyrl":{"SRB ":{"locl":[0]}},"latn":{"DFLT":{"dlig":[2]},"ISM ":{"locl":[1],"dlig":[2]},"KSM ":{"locl":[1],"dlig":[2]},"LSM ":{"locl":[1],"dlig":[2]},"MOL ":{"dlig":[2]},"NSM ":{"locl":[1],"dlig":[2]},"ROM ":{"dlig":[2]},"SKS ":{"locl":[1],"dlig":[2]},"SSM ":{"locl":[1],"dlig":[2]}}},"GSUBLookups":[{"Type":1,"Flag":0,"SubtableCount":1,"Subtables":[1306],"MarkFilteringSet":""},{"Type":1,"Flag":0,"SubtableCount":1,"Subtables":[1318],"MarkFilteringSet":""},{"Type":4,"Flag":0,"SubtableCount":1,"Subtables":[1330],"MarkFilteringSet":""}],"GPOSScriptLang":{"cyrl":"DFLT ","lao ":"DFLT ","latn":"DFLT "},"GPOSFeatures":{"lao ":{"DFLT":{"mark":[0]}}},"GPOSLookups":[{"Type":4,"Flag":0,"SubtableCount":1,"Subtables":[484],"MarkFilteringSet":""}],"kerninfo":[]}